BC|Vancouver|10122|STEIN|LAURENCE|10122 Rue de LAURENCE|L1L2L2|(123)555-0122|stein.laurence@Vancouver.com|A|1982-01-01|Toyota|Camry
BC|Vancouver|10131|VERCHERE|DENIS|10131 Rue de DENIS|D1D2D1|(123)555-0131|verchere.denis@Vancouver.com|A|1986-01-01|Volkswagen|Beetle
BC|Vancouver|10133|WEBER|THIERRY|10133 Rue de THIERRY|T1T4T3|(123)555-0133|weber.thierry@Vancouver.com|A|1986-01-01|Ford|Focus
NB|Moncton|10012|BERNHARD|PASCAL|10012 Rue de PASCAL|P1P2P2|(234)555-0012|bernhard.pascal@Moncton.com|A|1992-01-01|Mazda|Mazda3
NB|Moncton|10054|DE-OLIVEIRA|HILARIO|10054 Rue de HILARIO|H1H4H4|(234)555-0054|de-oliveira.hilario@Moncton.com|A|1994-01-01|Toyota|Yaris
NB|Moncton|10065|GIRAL|JOSEPH|10065 Rue de JOSEPH|J1J5J5|(234)555-0065|giral.joseph@Moncton.com|A|1990-01-01|Ford|Mustang
NB|Moncton|10067|GOUESLAIN|YVES|10067 Rue de YVES|Y1Y7Y7|(234)555-0067|goueslain.yves@Moncton.com|A|1970-01-01|Toyota|RAV4
NB|Moncton|10081|LEMAIRE|CLAUDE|10081 Rue de CLAUDE|C1C1C1|(234)555-0081|lemaire.claude@Moncton.com|A|1960-01-01|Ford|F150
NB|Moncton|10084|LOUBET|FRANCK|10084 Rue de FRANCK|F1F4F4|(234)555-0084|loubet.franck@Moncton.com|A|1970-01-01|Mazda|Protégé5
NB|Moncton|10085|LURDE|VINCENT|10085 Rue de VINCENT|V1V5V5|(234)555-0085|lurde.vincent@Moncton.com|A|1968-01-01|Mazda|Mazda6
NB|Moncton|10093|MONTMORY|ALAIN|10093 Rue de ALAIN|A1A3A3|(234)555-0093|montmory.alain@Moncton.com|A|1969-01-01|Mazda|Protégé5
NB|Moncton|10101|PERIER|CHRISTOPHE|10101 Rue de CHRISTOPHE|C1C1C1|(234)555-0101|perier.christophe@Moncton.com|A|1989-01-01|Toyota|Corolla
NB|Moncton|10107|REMOND|YVES|10107 Rue de YVES|Y1Y7Y9|(234)555-0107|remond.yves@Moncton.com|A|1988-01-01|Nissan|Maxima
NB|Moncton|10114|SCHMIDT|DANIEL|10114 Rue de DANIEL|D1D4D4|(234)555-0114|schmidt.daniel@Moncton.com|A|1989-01-01|Toyota|Corolla
NB|Moncton|10124|TISSERANT|ARNAUD|10124 Rue de ARNAUD|A1A4A4|(234)555-0124|tisserant.arnaud@Moncton.com|A|1982-01-01|Volkswagen|Jetta
NB|Moncton|10128|VAIDIE|GILBERT|10128 Rue de GILBERT|G1G9G8|(234)555-0128|vaidie.gilbert@Moncton.com|A|1986-01-01|Toyota|Corolla
NB|Moncton|10134|WOLFF|DANIEL|10134 Rue de DANIEL|D1D4D6|(234)555-0134|wolff.daniel@Moncton.com|A|1988-01-01|Ford|F150
NS|Halifax|10011|BERNARD|YVES|10011 Rue de YVES|Y1Y1Y1|(345)555-0011|bernard.yves@Halifax.com|A|1992-01-01|Ford|Taurus
NS|Halifax|10027|BROUSSE|JEAN-MARC|10027 Rue de JEAN-MARC|J1J7J7|(345)555-0027|brousse.jean-marc@Halifax.com|A|1990-01-01|Mazda|Mazda5
NS|Halifax|10036|CHAMPETIER|CHRISTOPHE|10036 Rue de CHRISTOPHE|C1C3C6|(345)555-0036|champetier.christophe@Halifax.com|A|1998-01-01|Ford|Mustang
NS|Halifax|10040|CHATELAIN|DENIS|10040 Rue de DENIS|D1D0D0|(345)555-0040|chatelain.denis@Halifax.com|A|1999-01-01|Mazda|Mazda3
NS|Halifax|10047|CORTELLA|DENIS|10047 Rue de DENIS|D1D7D7|(345)555-0047|cortella.denis@Halifax.com|A|1998-01-01|Mazda|Protégé5
NS|Halifax|10060|ESCRIBA|FREDERIC|10060 Rue de FREDERIC|F1F0F0|(345)555-0060|escriba.frederic@Halifax.com|A|1995-01-01|Toyota|Yaris
NS|Halifax|10069|HAROUIMI|DIDIER|10069 Rue de DIDIER|D1D9D4|(345)555-0069|harouimi.didier@Halifax.com|A|1970-01-01|Toyota|Corolla
NS|Halifax|10071|JANSSEN|BENOIT|10071 Rue de BENOIT|B1B1B1|(345)555-0071|janssen.benoit@Halifax.com|A|1970-01-01|Ford|F150
NS|Halifax|10079|LEGER|GILLES|10079 Rue de GILLES|G1G4G9|(345)555-0079|leger.gilles@Halifax.com|A|1982-01-01|Ford|Taurus
NS|Halifax|10089|MATHURIN|DIDIER|10089 Rue de DIDIER|D1D9D9|(345)555-0089|mathurin.didier@Halifax.com|A|1964-01-01|Toyota|Camry
NS|Halifax|10097|MUTTI|MARC|10097 Rue de MARC|M1M7M7|(345)555-0097|mutti.marc@Halifax.com|A|1970-01-01|Toyota|RAV4
NS|Halifax|10115|SECHER|ARNAUD|10115 Rue de ARNAUD|A1A5A5|(345)555-0115|secher.arnaud@Halifax.com|A|1989-01-01|Toyota|Yaris
NS|Halifax|10120|SIMONDI|SERGE|10120 Rue de SERGE|S1S1S0|(345)555-0120|simondi.serge@Halifax.com|A|1989-01-01|Ford|F150
NS|Halifax|10121|SPRUNGLI|VINCENT|10121 Rue de VINCENT|V1V1V1|(345)555-0121|sprungli.vincent@Halifax.com|A|1982-01-01|Toyota|Prius
NS|Halifax|10123|THIERRIAZ|JOHAN|10123 Rue de JOHAN|J1J3J3|(345)555-0123|thierriaz.johan@Halifax.com|A|1982-01-01|Ford|Focus
NS|Halifax|10129|VANDEMAELE|FRANCK|10129 Rue de FRANCK|F1F9F9|(345)555-0129|vandemaele.franck@Halifax.com|A|1982-01-01|Volkswagen|Golf
NT|Great Bear|10132|VESIN|DENIS|10132 Rue de DENIS|D1D2D2|(456)555-0132|vesin.denis@Great Bear.com|A|1986-01-01|Ford|Mustang
NU|Iqaluit|10110|RIO|JEAN|10110 Rue de JEAN|J1J7J0|(555)555-0110|rio.jean@Iqaluit.com|F|1989-01-01|Volkswagen|Golf
NU|Iqaluit|10127|TROCHET|DIDIER|10127 Rue de DIDIER|D1D8D7|(555)555-0127|trochet.didier@Iqaluit.com|F|1988-01-01|Toyota|Camry
ON|Nepean|10002|Amer|Marcel|10002 Rue de Marcel|M1M2M2|(613)123-0002|amer.marcel@Nepean.com|A|1983-01-01|Volkswagen|Beetle
ON|Nepean|10030|CANTENOT|PASCAL|10030 Rue de PASCAL|P1P0P0|(613)123-0030|cantenot.pascal@Nepean.com|F|1990-01-01|Ford|Focus
ON|Nepean|10033|CASARTELLI|DAVID|10033 Rue de DAVID|D1D3D3|(613)123-0033|casartelli.david@Nepean.com|F|1992-01-01|Toyota|RAV4
ON|Nepean|10037|CHAPON|FRANCK|10037 Rue de FRANCK|F1F8F7|(613)123-0037|chapon.franck@Nepean.com|A|1998-01-01|Toyota|Corolla
ON|Nepean|10045|COLLIERE|CELINE|10045 Rue de CELINE|C1C6C5|(613)123-0045|colliere.celine@Nepean.com|F|1998-01-01|Ford|Mustang
ON|Nepean|10052|DAIGREMONT|ERIC|10052 Rue de ERIC|E1E2E2|(613)123-0052|daigremont.eric@Nepean.com|A|1998-01-01|Mazda|Mazda6
ON|Nepean|10057|DUFOUR|ANNE|10057 Rue de ANNE|A1A7A7|(613)123-0057|dufour.anne@Nepean.com|F|1995-01-01|Volkswagen|Jetta
ON|Nepean|10062|GALY|YVES|10062 Rue de YVES|Y1Y2Y2|(613)123-0062|galy.yves@Nepean.com|F|1995-01-01|Ford|Taurus
ON|Nepean|10072|JEANPIERRE|MAX|10072 Rue de MAX|M1M2M2|(613)123-0072|jeanpierre.max@Nepean.com|A|1970-01-01|Nissan|Altima
ON|Nepean|10082|LOIODICE|OLIVIER|10082 Rue de OLIVIER|O1O2O2|(613)123-0082|loiodice.olivier@Nepean.com|A|1982-01-01|Volkswagen|Golf
ON|Nepean|10090|MERIGOUT|THOMAS|10090 Rue de THOMAS|T1T0T0|(613)123-0090|merigout.thomas@Nepean.com|F|1963-01-01|Toyota|Yaris
ON|Nepean|10095|MURILLO|XAVIER|10095 Rue de XAVIER|X1X5X5|(613)123-0095|murillo.xavier@Nepean.com|F|1958-01-01|Mazda|Mazda6
ON|Nepean|10126|TREIBER|VINCENT|10126 Rue de VINCENT|V1V6V6|(613)123-0126|treiber.vincent@Nepean.com|F|1986-01-01|Ford|Taurus
ON|Orleans|10014|BES|JEROME|10014 Rue de JEROME|J1J4J4|(623)223-0014|bes.jerome@Orleans.com|F|1992-01-01|Mazda|Mazda6
ON|Orleans|10023|BOURQUARD|OLIVIER|10023 Rue de OLIVIER|O1O3O3|(623)223-0023|bourquard.olivier@Orleans.com|A|1990-01-01|Toyota|Corolla
ON|Orleans|10035|CAZAUX|CHARLES|10035 Rue de CHARLES|C1C5C5|(623)223-0035|cazaux.charles@Orleans.com|F|1990-01-01|Mazda|Mazda5
ON|Orleans|10042|CLAUSS|RENE|10042 Rue de RENE|R1R2R2|(623)223-0042|clauss.rene@Orleans.com|F|1998-01-01|Toyota|Yaris
ON|Orleans|10050|DA-DALT|SAMY|10050 Rue de SAMY|S1S0S0|(623)223-0050|da-dalt.samy@Orleans.com|F|1998-01-01|Nissan|Maxima
ON|Orleans|10055|DESPLATS|CHRISTOPHE|10055 Rue de CHRISTOPHE|C1C5C5|(623)223-0055|desplats.christophe@Orleans.com|F|1998-01-01|Mazda|Mazda3
ON|Orleans|10058|DUFRESNE|XAVIER|10058 Rue de XAVIER|X1X8X8|(623)223-0058|dufresne.xavier@Orleans.com|A|1995-01-01|Ford|Focus
ON|Orleans|10064|GIBERT|JACQUES|10064 Rue de JACQUES|J1J4J4|(623)223-0064|gibert.jacques@Orleans.com|F|1988-01-01|Mazda|Mazda6
ON|Ottawa|10001|Ambroise|Albert|10001 Rue de Albert|A1A1A1|(613)323-0001|ambroise.albert@Ottawa.com|A|1980-01-01|Nissan|Altima
ON|Ottawa|10013|BEROD|PATRICK|10013 Rue de PATRICK|P1P3P3|(613)323-0013|berod.patrick@Ottawa.com|A|1992-01-01|Mazda|Mazda5
ON|Ottawa|10017|BLANCO-GOMEZ|FABIEN|10017 Rue de FABIEN|F1F7F7|(613)323-0017|blanco-gomez.fabien@Ottawa.com|F|1992-01-01|Mazda|Protégé5
ON|Ottawa|10022|BOULLEN|YVAN|10022 Rue de YVAN|Y1Y3Y2|(613)323-0022|boullen.yvan@Ottawa.com|F|1994-01-01|Ford|Focus
ON|Ottawa|10024|BRENER|JEAN-RAYMOND|10024 Rue de JEAN-RAYMOND|J1J9J4|(613)323-0024|brener.jean-raymond@Ottawa.com|A|1990-01-01|Toyota|Camry
ON|Ottawa|10028|CABAGNI|ROBERT|10028 Rue de ROBERT|R1R8R8|(613)323-0028|cabagni.robert@Ottawa.com|F|1990-01-01|Volkswagen|Touareg
ON|Ottawa|10073|JOLIET|PATRICK|10073 Rue de PATRICK|P1P3P9|(613)323-0073|joliet.patrick@Ottawa.com|A|1982-01-01|Volkswagen|Beetle
ON|Ottawa|10088|MARTIN-GAMBIER|OLIVIER|10088 Rue de OLIVIER|O1O9O8|(613)323-0088|martin-gambier.olivier@Ottawa.com|F|1965-01-01|Ford|Mustang
ON|Ottawa|10092|MONTANT|VALERY|10092 Rue de VALERY|V1V2V2|(613)323-0092|montant.valery@Ottawa.com|F|1961-01-01|Volkswagen|Golf
ON|Ottawa|10098|NATALE|ALBERT|10098 Rue de ALBERT|A1A1A8|(613)323-0098|natale.albert@Ottawa.com|F|1970-01-01|Mazda|Mazda5
PE|Charlottetown|10111|RIO|OLIVIER|10111 Rue de OLIVIER|O1O1O1|(874)987-0111|rio.olivier@Charlottetown.com|F|1989-01-01|Mazda|Mazda3
PE|Charlottetown|10116|SERAZIN|OLIVIER|10116 Rue de OLIVIER|O1O6O6|(874)987-0116|serazin.olivier@Charlottetown.com|F|1989-01-01|Mazda|Mazda3
QC|Aylmer|10008|Denis|Roch|10008 Rue de Roch|R1R9R8|(819)684-0008|denis.roch@Aylmer.com|F|1998-01-01|Nissan|Maxima
QC|Aylmer|10009|BERARDINI|NICOLAS|10009 Rue de NICOLAS|N1N9N9|(819)684-0009|berardini.nicolas@Aylmer.com|A|1994-01-01|Toyota|RAV4
QC|Aylmer|10018|BLONDEAU|GREGORY|10018 Rue de GREGORY|G1G8G8|(819)684-0018|blondeau.gregory@Aylmer.com|F|1992-01-01|Ford|Focus
QC|Aylmer|10021|BORDON|ERWAN|10021 Rue de ERWAN|E1E1E1|(819)684-0021|bordon.erwan@Aylmer.com|A|1992-01-01|Mazda|Mazda5
QC|Aylmer|10029|CANCOUET|MARC|10029 Rue de MARC|M1M9M9|(819)684-0029|cancouet.marc@Aylmer.com|F|1990-01-01|Mazda|Protégé5
QC|Aylmer|10032|CARON|JEAN-MARC|10032 Rue de JEAN-MARC|J1J2J2|(819)684-0032|caron.jean-marc@Aylmer.com|F|1990-01-01|Toyota|Prius
QC|Aylmer|10043|CLERE|LAURENT|10043 Rue de LAURENT|L1L3L3|(819)684-0043|clere.laurent@Aylmer.com|A|1998-01-01|Mazda|Mazda6
QC|Aylmer|10048|COSTE|PIERRE|10048 Rue de PIERRE|P1P8P8|(819)684-0048|coste.pierre@Aylmer.com|F|1998-01-01|Mazda|Mazda3
QC|Aylmer|10056|DROUIN|STEPHANE|10056 Rue de STEPHANE|S1S6S6|(819)684-0056|drouin.stephane@Aylmer.com|A|1998-01-01|Mazda|Protégé5
QC|Aylmer|10061|FARGE|HERVE|10061 Rue de HERVE|H1H1H1|(819)684-0061|farge.herve@Aylmer.com|F|1995-01-01|Toyota|Camry
QC|Aylmer|10070|HUMBERT|OLIVIER|10070 Rue de OLIVIER|O1O0O0|(819)684-0070|humbert.olivier@Aylmer.com|F|1970-01-01|Mazda|Mazda5
QC|Aylmer|10074|JOUAN|MATHIAS|10074 Rue de MATHIAS|M1M4M4|(819)684-0074|jouan.mathias@Aylmer.com|A|1970-01-01|Toyota|Yaris
QC|Aylmer|10076|LAFFAIRE|ELODIE|10076 Rue de ELODIE|E1E6E6|(819)684-0076|laffaire.elodie@Aylmer.com|F|1970-01-01|Toyota|RAV4
QC|Aylmer|10077|LANG|LIONEL|10077 Rue de LIONEL|L1L3L7|(819)684-0077|lang.lionel@Aylmer.com|F|1982-01-01|Mazda|Mazda3
QC|Aylmer|10086|MACQUET|MICHEL|10086 Rue de MICHEL|M1M6M6|(819)684-0086|macquet.michel@Aylmer.com|F|1967-01-01|Nissan|Maxima
QC|Aylmer|10087|MALHERBE|XAVIER|10087 Rue de XAVIER|X1X7X7|(819)684-0087|malherbe.xavier@Aylmer.com|A|1966-01-01|Nissan|Maxima
QC|Aylmer|10091|MOINDROT|DOMINIQUE|10091 Rue de DOMINIQUE|D1D1D1|(819)684-0091|moindrot.dominique@Aylmer.com|F|1970-01-01|Mazda|Protégé5
QC|Aylmer|10094|MURGUET|YANNIS|10094 Rue de YANNIS|Y1Y4Y4|(819)684-0094|murguet.yannis@Aylmer.com|F|1959-01-01|Toyota|Prius
QC|Aylmer|10096|MUSTO|DOMINIQUE|10096 Rue de DOMINIQUE|D1D1D6|(819)684-0096|musto.dominique@Aylmer.com|F|1957-01-01|Ford|Focus
QC|Aylmer|10103|PERTIN|FRANCOIS|10103 Rue de FRANCOIS|F1F3F3|(819)684-0103|pertin.francois@Aylmer.com|F|1988-01-01|Toyota|Corolla
QC|Aylmer|10104|PUIG|FREDERIC|10104 Rue de FREDERIC|F1F5F4|(819)684-0104|puig.frederic@Aylmer.com|F|1988-01-01|Ford|Taurus
QC|Aylmer|10106|PUTHOD|THOMAS|10106 Rue de THOMAS|T1T6T6|(819)684-0106|puthod.thomas@Aylmer.com|A|1988-01-01|Nissan|Maxima
QC|Aylmer|10108|REVEL|CLAIRE|10108 Rue de CLAIRE|C1C8C8|(819)684-0108|revel.claire@Aylmer.com|F|1988-01-01|Toyota|Corolla
QC|Aylmer|10130|VAROQUI|JEROME|10130 Rue de JEROME|J1J8J0|(819)684-0130|varoqui.jerome@Aylmer.com|F|1986-01-01|Nissan|Altima
QC|Gatineau|10000|ABBATE|SEBASTIEN|10000 Rue de SEBASTIEN|S1S0S0|(819)681-0000|abbate.sebastien@Gatineau.com|F|1994-01-01|Ford|Mustang
QC|Gatineau|10006|Biddle|Charles|10006 Rue de Charles|C1C2C6|(819)681-0006|biddle.charles@Gatineau.com|F|1992-01-01|Mazda|Protégé5
QC|Gatineau|10007|Caza|Rob|10007 Rue de Rob|R1R7R7|(819)681-0007|caza.rob@Gatineau.com|F|1995-01-01|Ford|F150
QC|Gatineau|10015|BICHERON|DAVID|10015 Rue de DAVID|D1D5D5|(819)681-0015|bicheron.david@Gatineau.com|F|1992-01-01|Nissan|Altima
QC|Gatineau|10019|BONNEFOND|PATRICE|10019 Rue de PATRICE|P1P9P9|(819)681-0019|bonnefond.patrice@Gatineau.com|F|1992-01-01|Volkswagen|Jetta
QC|Gatineau|10025|BRILLE|CAROLINE|10025 Rue de CAROLINE|C1C4C5|(819)681-0025|brille.caroline@Gatineau.com|F|1990-01-01|Nissan|Altima
QC|Gatineau|10031|CARMINATI|FRANCIS|10031 Rue de FRANCIS|F1F1F1|(819)681-0031|carminati.francis@Gatineau.com|F|1998-01-01|Nissan|Altima
QC|Gatineau|10039|CHATAIN|BERTRAND|10039 Rue de BERTRAND|B1B9B9|(819)681-0039|chatain.bertrand@Gatineau.com|F|1998-01-01|Toyota|Corolla
QC|Gatineau|10041|CHOL|BERTRAND|10041 Rue de BERTRAND|B1B9B1|(819)681-0041|chol.bertrand@Gatineau.com|A|1998-01-01|Volkswagen|Golf
QC|Gatineau|10049|COUPEZ|ETIENNE|10049 Rue de ETIENNE|E1E9E9|(819)681-0049|coupez.etienne@Gatineau.com|F|1998-01-01|Nissan|Altima
QC|Gatineau|10051|DAGAULT|DAVID|10051 Rue de DAVID|D1D5D1|(819)681-0051|dagault.david@Gatineau.com|A|1998-01-01|Ford|F150
QC|Gatineau|10059|DUMONTIER|LUC|10059 Rue de LUC|L1L9L9|(819)681-0059|dumontier.luc@Gatineau.com|A|1995-01-01|Toyota|Prius
QC|Hull|10003|Arnott|Michel|10003 Rue de Michel|M1M3M3|(819)771-0003|arnott.michel@Hull.com|F|1986-01-01|Toyota|Camry
QC|Hull|10004|Bowman|Scott|10004 Rue de Scott|S1S4S4|(819)771-0004|bowman.scott@Hull.com|A|1960-01-01|Toyota|Yaris
QC|Hull|10005|Bibeau|Philippe|10005 Rue de Philippe|P1P5P5|(819)771-0005|bibeau.philippe@Hull.com|F|1989-01-01|Mazda|Mazda6
QC|Hull|10010|BERLIOUX|JEAN-BAPTISTE|10010 Rue de JEAN-BAPTISTE|J1J0J0|(819)771-0010|berlioux.jean-baptiste@Hull.com|A|1994-01-01|Toyota|Prius
QC|Hull|10016|BIRCK|JEAN-LOUIS|10016 Rue de JEAN-LOUIS|J1J6J6|(819)771-0016|birck.jean-louis@Hull.com|F|1992-01-01|Toyota|RAV4
QC|Hull|10020|BONNENFANT|KEVIN|10020 Rue de KEVIN|K1K0K0|(819)771-0020|bonnenfant.kevin@Hull.com|F|1989-01-01|Toyota|Corolla
QC|Hull|10026|BROISIN|LAURENT|10026 Rue de LAURENT|L1L6L6|(819)771-0026|broisin.laurent@Hull.com|F|1990-01-01|Mazda|Mazda5
QC|Hull|10034|CAVELIER|STEPHANE|10034 Rue de STEPHANE|S1S4S4|(819)771-0034|cavelier.stephane@Hull.com|F|1990-01-01|Mazda|Mazda3
QC|Hull|10046|CONSTANTIN|CYRILLE|10046 Rue de CYRILLE|C1C4C6|(819)771-0046|constantin.cyrille@Hull.com|F|1998-01-01|Toyota|Corolla
QC|Hull|10053|DEBUSSCHERE|PIERRE|10053 Rue de PIERRE|P1P4P3|(819)771-0053|debusschere.pierre@Hull.com|F|1998-01-01|Volkswagen|Golf
QC|Hull|10063|GENOVESE|FABRICE|10063 Rue de FABRICE|F1G3F3|(819)771-0063|genovese.fabrice@Hull.com|A|1994-01-01|Volkswagen|Golf
QC|Hull|10066|GIRARD|ALAIN|10066 Rue de ALAIN|A1A6A6|(819)771-0066|girard.alain@Hull.com|A|1990-01-01|Nissan|Maxima
QC|Hull|10068|GUICHARD|MICHEL|10068 Rue de MICHEL|M1M3M8|(819)771-0068|guichard.michel@Hull.com|A|1970-01-01|Toyota|Prius
QC|Hull|10078|LAUGERO|OLIVIER|10078 Rue de OLIVIER|O1O8O8|(819)771-0078|laugero.olivier@Hull.com|A|1982-01-01|Ford|Mustang
QC|Hull|10080|LEHOUX|ALAIN|10080 Rue de ALAIN|A1A0A0|(819)771-0080|lehoux.alain@Hull.com|F|1982-01-01|Ford|Taurus
QC|Hull|10099|PELLET|DOMINIQUE|10099 Rue de DOMINIQUE|D1D7D9|(819)771-0099|pellet.dominique@Hull.com|F|1986-01-01|Volkswagen|Touareg
QC|Hull|10102|PERRIER|VALERIE|10102 Rue de VALERIE|V1V3V2|(819)771-0102|perrier.valerie@Hull.com|A|1982-01-01|Mazda|Mazda5
SK|Moose Jaw|10117|SERRAZ|GILLES|10117 Rue de GILLES|G1G7G7|(819)771-0117|serraz.gilles@Hull.com|F|1989-01-01|Volkswagen|Jetta
SK|Saskatoon|10118|SIBILLE|FABRICE|10118 Rue de FABRICE|F1G3F8|(819)771-0118|sibille.fabrice@Hull.com|F|1986-01-01|Mazda|Mazda3
YT|WhiteHorse|10113|SCHEBATH|THIERRY|10113 Rue de THIERRY|T1T3T3|(555)555-0113|schebath.thierry@Hull.com|F|1988-01-01|Ford|F150
YT|Dawson City|10119|SICARDI|PHILIPPE|10119 Rue de PHILIPPE|P1P8P9|(555)555-0119|sicardi.philippe@Aylmer.com|F|1989-01-01|Mazda|Mazda6
YT|Dawson City|10125|TOUCHAIN|ROLAND|10125 Rue de ROLAND|R1R5R5|(555)555-0125|touchain.roland@Gatineau.com|F|1986-01-01|Toyota|Yaris
YT|Dawson City|10135|WYSS|ERIC|10135 Rue de ERIC|E1E5E5|(555)555-0135|wyss.eric@Gatineau.com|F|1962-01-01|Ford|Taurus
